{"contacts":[{"contactID":101,"firstName":"Vamsy Kiran","lastName":"Aripaka","mobileNumber":"9052224753","alternateMobileNumber":"","mailId":"vamsy.kiran@iiht.com","organization":"IIHT","dob":""},{"contactID":102,"firstName":"Shiilpa","lastName":"T","dob":"1983-02-11","mobileNumber":"9052124753","mailId":"shilpa@iiht.com","organization":"IIHT"},{"contactID":103,"firstName":"Dhamu","lastName":"G.L","dob":"1982-03-11","mobileNumber":"9054224753","mailId":"gl@iiht.com","organization":"IIHT"},{"contactID":104,"firstName":"Arun","lastName":"Sk.","dob":"1987-04-11","mobileNumber":"9052524753","mailId":"arun@cts.com","organization":"CTS"},{"contactID":105,"firstName":"Prasanth","lastName":"Vadipalli","dob":"1986-11-11","mobileNumber":"9052224753","mailId":"prasanth@cts.com","organization":"CTS"},{"contactID":111,"firstName":"Shyam","lastName":"Sundar","mobileNumber":"898989898","alternateMobileNumber":"","mailId":"shyam@cts.com","organization":"CTS","dob":""}]}